{"metrics": [0.8534322676605547, 0.8947251664381437, 0.8670361196953855, null], "roc_auc_score_ovo": 0.98285387777445, "roc_auc_score_ovr": 0.9839956479365349, "accuracy": 0.8981073373087892}