{"metrics": [0.8533300834364883, 0.8936153552229305, 0.8700723720346855, null], "roc_auc_score_ovo": 0.982683965470636, "roc_auc_score_ovr": 0.9838880322685961, "accuracy": 0.9016074669432201}