{"metrics": [0.9239422872733823, 0.9393074687022294, 0.9312693647871981, null], "roc_auc_score_ovo": 0.9920216450406459, "roc_auc_score_ovr": 0.9924125536317199, "accuracy": 0.9503500129634431}