{"metrics": [0.9164303922015896, 0.9415237971562347, 0.9278806470608095, null], "roc_auc_score_ovo": 0.9936854798776329, "roc_auc_score_ovr": 0.9939564108724013, "accuracy": 0.9473684210526315}