{"metrics": [0.898448985207475, 0.9151472174668432, 0.9056800952606382, null], "roc_auc_score_ovo": 0.9884030942133895, "roc_auc_score_ovr": 0.9891045852609014, "accuracy": 0.9311641171895255}