{"metrics": [0.8962370464136199, 0.9224891917753238, 0.9065435980446119, null], "roc_auc_score_ovo": 0.9900941756163174, "roc_auc_score_ovr": 0.9907265907873294, "accuracy": 0.9306455794659061}