{"metrics": [0.8950243075235897, 0.9263293391877206, 0.9089271862839576, null], "roc_auc_score_ovo": 0.9890686562950012, "roc_auc_score_ovr": 0.9897614096175829, "accuracy": 0.9328493647912885}