{"metrics": [0.9012394886431059, 0.911223872331215, 0.9057597063289367, null], "roc_auc_score_ovo": 0.9864646154586074, "roc_auc_score_ovr": 0.9873637598595467, "accuracy": 0.931682654913145}