{"metrics": [0.8717187167807168, 0.9147781636000152, 0.8891693075583614, null], "roc_auc_score_ovo": 0.9893351086516491, "roc_auc_score_ovr": 0.990041331715835, "accuracy": 0.9144412756028001}