{"metrics": [0.8880622445507427, 0.9249219583252571, 0.9038850825378711, null], "roc_auc_score_ovo": 0.9904301223284024, "roc_auc_score_ovr": 0.9910462977257076, "accuracy": 0.9271454498314753}