{"metrics": [0.9136573150752021, 0.9403893369745895, 0.9257508842640421, null], "roc_auc_score_ovo": 0.9929881770154111, "roc_auc_score_ovr": 0.9933212461505521, "accuracy": 0.9458128078817734}