{"metrics": [0.9356999141114851, 0.9380989027051159, 0.9368692592731468, null], "roc_auc_score_ovo": 0.9929102373399337, "roc_auc_score_ovr": 0.9933948680284617, "accuracy": 0.9552761213378274}