{"metrics": [0.8930702551424036, 0.9308316151968058, 0.9093409522050495, null], "roc_auc_score_ovo": 0.9881665333646334, "roc_auc_score_ovr": 0.989138922912998, "accuracy": 0.9318122893440498}