{"metrics": [0.9031778326056156, 0.9344947830513914, 0.917212676392035, null], "roc_auc_score_ovo": 0.9880621324702227, "roc_auc_score_ovr": 0.9891593679352613, "accuracy": 0.9384236453201971}