{"metrics": [0.8339837569695805, 0.8042360372728761, 0.8157589467218265, null], "roc_auc_score_ovo": 0.9590912806334023, "roc_auc_score_ovr": 0.9628685413853595, "accuracy": 0.8697173969406274}