{"metrics": [0.8073807625548614, 0.858349607880064, 0.8246512026320009, null], "roc_auc_score_ovo": 0.9723165543179926, "roc_auc_score_ovr": 0.9739648797143519, "accuracy": 0.8634949442571948}