{"metrics": [0.10318900700025926, 0.25, 0.14608184988071207, null], "roc_auc_score_ovo": 0.5, "roc_auc_score_ovr": 0.5, "accuracy": 0.41275602800103706}