{"metrics": [0.08588281047446202, 0.25, 0.1278463913546893, null], "roc_auc_score_ovo": 0.5001527650473572, "roc_auc_score_ovr": 0.5001326243270341, "accuracy": 0.34353124189784806}