{"metrics": [0.035362375210683264, 0.25, 0.06196047251249433, null], "roc_auc_score_ovo": 0.5001930186144713, "roc_auc_score_ovr": 0.5002281885067493, "accuracy": 0.14143116411718953}