{"metrics": [0.08588281047446202, 0.25, 0.1278463913546893, null], "roc_auc_score_ovo": 0.49993710691823906, "roc_auc_score_ovr": 0.49990871127899844, "accuracy": 0.34353124189784806}