{"metrics": [0.9115168334858835, 0.9364809142698282, 0.9229703322452761, null], "roc_auc_score_ovo": 0.9864478531814328, "roc_auc_score_ovr": 0.9883763998950563, "accuracy": 0.943609022556391}