{"metrics": [0.9009586823519199, 0.9347828267329414, 0.9154778502863689, null], "roc_auc_score_ovo": 0.9887461014075147, "roc_auc_score_ovr": 0.989886929625875, "accuracy": 0.9372569354420535}