{"metrics": [0.8316282435426037, 0.8719270167619158, 0.8477882576813602, null], "roc_auc_score_ovo": 0.9766451938750905, "roc_auc_score_ovr": 0.9779576911387923, "accuracy": 0.882940108892922}