{"metrics": [0.8722821362482812, 0.8484179441299896, 0.856644268445062, null], "roc_auc_score_ovo": 0.9731007484784909, "roc_auc_score_ovr": 0.9755747431397196, "accuracy": 0.9001814882032668}