{"metrics": [0.8052627943342163, 0.8598139610931443, 0.8205508891670543, null], "roc_auc_score_ovo": 0.9771415711258129, "roc_auc_score_ovr": 0.9784479823960642, "accuracy": 0.8539019963702359}