{"metrics": [0.8310810425018155, 0.8778016453344393, 0.8495311262789235, null], "roc_auc_score_ovo": 0.9793505979985607, "roc_auc_score_ovr": 0.9806180951511425, "accuracy": 0.8841068187710656}