{"metrics": [0.8541942814887583, 0.8846478861448389, 0.8669538340862777, null], "roc_auc_score_ovo": 0.9802851811119974, "roc_auc_score_ovr": 0.981366395581714, "accuracy": 0.9001814882032668}