{"metrics": [0.836648224583721, 0.8731032428964303, 0.8519810717847195, null], "roc_auc_score_ovo": 0.9793481298455776, "roc_auc_score_ovr": 0.9806532701270251, "accuracy": 0.887995851698211}