{"metrics": [0.8919021678752428, 0.9289081195073279, 0.908058090378229, null], "roc_auc_score_ovo": 0.9889689394394559, "roc_auc_score_ovr": 0.9898591889348825, "accuracy": 0.9311641171895255}