{"metrics": [0.8995828517496347, 0.922688495922859, 0.9100049248933264, null], "roc_auc_score_ovo": 0.9883366373363925, "roc_auc_score_ovr": 0.9893376014021039, "accuracy": 0.9337568058076225}