{"metrics": [0.8647715413926557, 0.8969011551114904, 0.8777245237393091, null], "roc_auc_score_ovo": 0.9849522302039163, "roc_auc_score_ovr": 0.9861632843654311, "accuracy": 0.9096448016593207}