{"metrics": [0.8910644750269041, 0.893067388876231, 0.8915048637178249, null], "roc_auc_score_ovo": 0.9840396712675288, "roc_auc_score_ovr": 0.9855760579002291, "accuracy": 0.9233860513352347}