{"metrics": [0.8532747387112923, 0.88933892248515, 0.8686913197013758, null], "roc_auc_score_ovo": 0.9810455956241949, "roc_auc_score_ovr": 0.9825785209569254, "accuracy": 0.9009592947886959}