{"metrics": [0.7944362205508769, 0.8604015459845114, 0.801184584902727, null], "roc_auc_score_ovo": 0.9798549253148533, "roc_auc_score_ovr": 0.9804977632645941, "accuracy": 0.8306974332382681}