{"metrics": [0.8310691683530379, 0.8632618164837175, 0.8444505054198559, null], "roc_auc_score_ovo": 0.97429135781422, "roc_auc_score_ovr": 0.9760325436794152, "accuracy": 0.8822919367383977}