{"metrics": [0.7771625114648251, 0.8239355139101961, 0.7706071665980418, null], "roc_auc_score_ovo": 0.9668940867426077, "roc_auc_score_ovr": 0.9685325874325297, "accuracy": 0.7998444386829142}