{"metrics": [0.9045942750687322, 0.9232646064980197, 0.9127839616396108, null], "roc_auc_score_ovo": 0.9885337671584461, "roc_auc_score_ovr": 0.9891917587539514, "accuracy": 0.9363494944257195}