{"metrics": [0.90858771452454, 0.9269453203690841, 0.9172396794664897, null], "roc_auc_score_ovo": 0.9901948070550112, "roc_auc_score_ovr": 0.99083547613699, "accuracy": 0.9392014519056261}