{"metrics": [0.9213842970240685, 0.9473648728186148, 0.9325722228463833, null], "roc_auc_score_ovo": 0.9939606950072699, "roc_auc_score_ovr": 0.9943063142848739, "accuracy": 0.950479647394348}