{"metrics": [0.9196630219917918, 0.9390104395870639, 0.9286791359622841, null], "roc_auc_score_ovo": 0.9928617144604326, "roc_auc_score_ovr": 0.9931809208832122, "accuracy": 0.9476276899144412}