{"metrics": [0.9011841590927949, 0.938325893002435, 0.9170078492228444, null], "roc_auc_score_ovo": 0.993431279816334, "roc_auc_score_ovr": 0.9936152284430045, "accuracy": 0.9377754731656728}