{"metrics": [0.9310869814174156, 0.9407126024970854, 0.9357621393370428, null], "roc_auc_score_ovo": 0.9929911105032473, "roc_auc_score_ovr": 0.9935713863839715, "accuracy": 0.9535908737360643}