{"metrics": [0.9061211511609466, 0.937694363970345, 0.9188770804679098, null], "roc_auc_score_ovo": 0.9924080601886632, "roc_auc_score_ovr": 0.9925760569301626, "accuracy": 0.9399792584910552}