{"metrics": [0.9128450980570263, 0.9362523310997531, 0.9229534107097344, null], "roc_auc_score_ovo": 0.9924911298511335, "roc_auc_score_ovr": 0.9928373224856305, "accuracy": 0.9429608504018667}