{"metrics": [0.8749196724334557, 0.917967010871149, 0.8916663383427872, null], "roc_auc_score_ovo": 0.9887088593233297, "roc_auc_score_ovr": 0.989270032299365, "accuracy": 0.9174228675136116}