{"metrics": [0.9127057920021423, 0.917185016501869, 0.9143565962681385, null], "roc_auc_score_ovo": 0.9887308572527247, "roc_auc_score_ovr": 0.9896677917040998, "accuracy": 0.9380347420274825}