{"metrics": [0.914364470935684, 0.9306633211376366, 0.9217678561331042, null], "roc_auc_score_ovo": 0.9916426305665261, "roc_auc_score_ovr": 0.9922108066996823, "accuracy": 0.9425719471091522}