{"metrics": [0.8942683231994735, 0.932483315352325, 0.910659727819978, null], "roc_auc_score_ovo": 0.9918771934372602, "roc_auc_score_ovr": 0.9922380907083321, "accuracy": 0.932460461498574}