{"metrics": [0.9059993269770035, 0.9340801734412835, 0.9186519523299803, null], "roc_auc_score_ovo": 0.9923933300268525, "roc_auc_score_ovr": 0.9927803281637905, "accuracy": 0.9398496240601504}