{"metrics": [0.9007517336273263, 0.9353366466687931, 0.9156703078653768, null], "roc_auc_score_ovo": 0.9924520288843924, "roc_auc_score_ovr": 0.9928046911405384, "accuracy": 0.9373865698729582}