{"metrics": [0.852838036054479, 0.8796018054735342, 0.8643418134969615, null], "roc_auc_score_ovo": 0.978869194268767, "roc_auc_score_ovr": 0.9807310719073623, "accuracy": 0.8983666061705989}