{"metrics": [0.8329129867079659, 0.8826863966334458, 0.8515146502631805, null], "roc_auc_score_ovo": 0.9786976471491994, "roc_auc_score_ovr": 0.9801509832481388, "accuracy": 0.8844957220637801}