{"metrics": [0.9084630455578436, 0.9226362836109202, 0.9152252385219743, null], "roc_auc_score_ovo": 0.9880488758959852, "roc_auc_score_ovr": 0.9892583160080899, "accuracy": 0.9386829141820068}