{"metrics": [0.887113991271288, 0.9253136797379391, 0.9033341958940817, null], "roc_auc_score_ovo": 0.9883691067138708, "roc_auc_score_ovr": 0.9894169889807927, "accuracy": 0.9279232564169043}