{"metrics": [0.8841038568890558, 0.8880622246184816, 0.8857835148811259, null], "roc_auc_score_ovo": 0.9819446795003443, "roc_auc_score_ovr": 0.9832841694069203, "accuracy": 0.9175525019445164}