{"metrics": [0.8585138273630416, 0.8937780960879874, 0.8728022774487716, null], "roc_auc_score_ovo": 0.9823246583141424, "roc_auc_score_ovr": 0.9835680345165276, "accuracy": 0.9039408866995073}