{"metrics": [0.8141155076756578, 0.8483951101210246, 0.8282854014963498, null], "roc_auc_score_ovo": 0.9701466140015541, "roc_auc_score_ovr": 0.9725527864145229, "accuracy": 0.8704952035260565}