{"metrics": [0.8159626180840599, 0.8542585099691679, 0.8313315551510101, null], "roc_auc_score_ovo": 0.9708569006108948, "roc_auc_score_ovr": 0.9734502197245318, "accuracy": 0.871791547835105}