{"metrics": [0.857027380519009, 0.8938652752503446, 0.8722565642533201, null], "roc_auc_score_ovo": 0.9834740728412704, "roc_auc_score_ovr": 0.9845378100056171, "accuracy": 0.9040705211304122}