{"metrics": [0.8347884167896962, 0.8844181862536714, 0.8488357978014378, null], "roc_auc_score_ovo": 0.9823702829458617, "roc_auc_score_ovr": 0.983515038460778, "accuracy": 0.8809955924293492}