{"metrics": [0.8706189683088743, 0.9178843504796373, 0.8900337952851837, null], "roc_auc_score_ovo": 0.9896817055132151, "roc_auc_score_ovr": 0.9903405948529463, "accuracy": 0.9152190821882292}