{"metrics": [0.8876914283768851, 0.9214012470608309, 0.9023221888358018, null], "roc_auc_score_ovo": 0.9896457031160221, "roc_auc_score_ovr": 0.9902976618592523, "accuracy": 0.926497277676951}