{"metrics": [0.9035785006413344, 0.9360275803681253, 0.9176026339967448, null], "roc_auc_score_ovo": 0.9914442905813399, "roc_auc_score_ovr": 0.9919523689265674, "accuracy": 0.9388125486129116}