{"metrics": [0.8934395110447721, 0.9360074888676368, 0.9113899620360062, null], "roc_auc_score_ovo": 0.9930785092506752, "roc_auc_score_ovr": 0.993376734518896, "accuracy": 0.9331086336530983}