{"metrics": [0.9256763661437171, 0.929410197073966, 0.9272948042623361, null], "roc_auc_score_ovo": 0.9916573240009825, "roc_auc_score_ovr": 0.99215361684217, "accuracy": 0.9474980554835364}