{"metrics": [0.9036874759843997, 0.9362627128651994, 0.9179250579282772, null], "roc_auc_score_ovo": 0.9927441400122264, "roc_auc_score_ovr": 0.9931187501239574, "accuracy": 0.9380347420274825}