{"metrics": [0.9054993149113747, 0.9350390645367529, 0.9180321339086963, null], "roc_auc_score_ovo": 0.9925477377979287, "roc_auc_score_ovr": 0.9929229684245714, "accuracy": 0.9384236453201971}