{"metrics": [0.8829754031429213, 0.9321397136075313, 0.8995240176766779, null], "roc_auc_score_ovo": 0.9919712138059315, "roc_auc_score_ovr": 0.9921386185995928, "accuracy": 0.9223489758879958}